{
  "d": 64,
  "bits": 4,
  "centroids": [
    -0.3307489,
    -0.25285795,
    -0.19879805,
    -0.15487006,
    -0.11643835,
    -0.08127422,
    -0.048066016,
    -0.015910888,
    0.015910888,
    0.048066016,
    0.08127422,
    0.11643835,
    0.15487006,
    0.19879805,
    0.25285795,
    0.3307489
  ],
  "boundaries": [
    -1.0,
    -0.29180342,
    -0.225828,
    -0.17683406,
    -0.13565421,
    -0.098856285,
    -0.064670116,
    -0.031988453,
    3.920475e-16,
    0.031988453,
    0.064670116,
    0.098856285,
    0.13565421,
    0.17683406,
    0.225828,
    0.29180342,
    1.0
  ],
  "mse_per_coord": 0.0001426800183671542
}