{
  "d": 64,
  "bits": 3,
  "centroids": [
    -0.26390743,
    -0.16616105,
    -0.09382718,
    -0.030467305,
    0.030467305,
    0.09382718,
    0.16616105,
    0.26390743
  ],
  "boundaries": [
    -1.0,
    -0.21503425,
    -0.12999411,
    -0.062147245,
    -2.0122792e-16,
    0.062147245,
    0.12999411,
    0.21503425,
    1.0
  ],
  "mse_per_coord": 0.0005217317860144135
}