{
  "d": 128,
  "bits": 1,
  "centroids": [
    -0.070661575,
    0.070661575
  ],
  "boundaries": [
    -1.0,
    7.632783e-17,
    1.0
  ],
  "mse_per_coord": 0.0028194421357758057
}