{
  "d": 128,
  "bits": 3,
  "centroids": [
    -0.18839061,
    -0.118132986,
    -0.06658059,
    -0.021602469,
    0.021602469,
    0.06658059,
    0.118132986,
    0.18839061
  ],
  "boundaries": [
    -1.0,
    -0.1532618,
    -0.092356786,
    -0.04409153,
    -1.6826818e-16,
    0.04409153,
    0.092356786,
    0.1532618,
    1.0
  ],
  "mse_per_coord": 0.00026535879903016624
}