{
  "d": 64,
  "bits": 2,
  "centroids": [
    -0.18749584,
    -0.056514367,
    0.056514367,
    0.18749584
  ],
  "boundaries": [
    -1.0,
    -0.122005105,
    2.7755576e-17,
    0.122005105,
    1.0
  ],
  "mse_per_coord": 0.001789464950805555
}