{
  "d": 128,
  "bits": 4,
  "centroids": [
    -0.2376272,
    -0.18079373,
    -0.14176166,
    -0.11024707,
    -0.082792565,
    -0.057744537,
    -0.034134027,
    -0.011296499,
    0.011296499,
    0.034134027,
    0.057744537,
    0.082792565,
    0.11024707,
    0.14176166,
    0.18079373,
    0.2376272
  ],
  "boundaries": [
    -1.0,
    -0.20921046,
    -0.1612777,
    -0.12600435,
    -0.09651981,
    -0.07026855,
    -0.04593928,
    -0.022715263,
    -2.2811614e-16,
    0.022715263,
    0.04593928,
    0.07026855,
    0.09651981,
    0.12600435,
    0.1612777,
    0.20921046,
    1.0
  ],
  "mse_per_coord": 0.00007277181183508281
}