{
  "d": 128,
  "bits": 2,
  "centroids": [
    -0.1330402,
    -0.039990947,
    0.039990947,
    0.1330402
  ],
  "boundaries": [
    -1.0,
    -0.08651557,
    -6.591949e-17,
    0.08651557,
    1.0
  ],
  "mse_per_coord": 0.0009062505504958951
}