{
  "d": 64,
  "bits": 1,
  "centroids": [
    -0.10012591,
    0.10012591
  ],
  "boundaries": [
    -1.0,
    1.0408341e-16,
    1.0
  ],
  "mse_per_coord": 0.005599802510983258
}